{

  "user" : "Alex Novak",

  "riskReturnProfile" : {
    "riskLevel" : "Moderate",
    "barVal" : 0.5
  },

  "fees" : {
    "fee" : 0.75,
    "averagePlacement" : "more"
  },

  "returns" : {
    "returns" : [2.5, 3.2, 5.0],
    "benchmark" : [2.0, 1.4, 3.1]
  },

  "holdingTypes" : {
    "StockLong" : 35.0,
    "StockShort" : 10.0,
    "BondLong" : 35.0,
    "BondShort" : 10.0,
    "CashLong" : 35.0,
    "CashShort" : 10.0,
    "OtherLong" : 35.0,
    "OtherShort" : 10.0
  },

  "contributionWithdraws" : {

  },

  "bondTypes" : {
    "Government" : 49.1807,
    "Municipal" : 0.601673,
    "Corporate" : 22.1799,
    "Securitized" : 14.9581,
    "Cash" : 13.0794
  },

  "stockType" : {
    "Materials" : 5.393546,
    "Consumer" : 21.171836,
    "Financial" : 16.201804,
    "RealEstate" : 4.171446,
    "Healthcare" : 12.053283,
    "Utilities" : 3.282109,
    "Communication" : 4.254156,
    "Energy" : 6.618916,
    "Industrials" : 11.74348,
    "Technology" : 15.109424
  },

  "returnsComparison" : {
    "returns" : [2.5, 3.2, 5.0],
    "avgUser" : [1.5, 2.0, 2.2]
  },

  "riskAgeProfile" : {
    "mean" : 1.2,
    "std" : 0.35,
    "user" : 1.9
  },

  "riskComparison" : {
    "mean" : 1.0,
    "std" : 0.25,
    "user" : 1.9

  },

  "compInterest" : {
    "currentValue" : 25000,
    "yearsToRetirement" : 30,
    "currentFees" : 0.75,
    "averageAnnualReturns" : 3,
    "futureValue" : [25000.0, 25750.0, 26522.5, 27318.175, 28137.720250000002, 28981.8518575, 29851.307413225004, 30746.846635621754, 31669.25203469041, 32619.329595731124, 33597.909483603056, 34605.84676811115, 35644.02217115448, 36713.34283628912, 37814.743121377796, 38949.18541501913, 40117.660977469706, 41321.1908067938, 42560.82653099761, 43837.65132692754, 45152.78086673537, 46507.36429273743, 47902.585221519555, 49339.66277816515, 50819.8526615101, 52344.4482413554, 53914.78168859607, 55532.225139253955, 57198.19189343157, 58914.13765023452],
    "futureValueMinusFees" : [25000.0, 25562.5, 26137.656249999996, 26725.753515624994, 27327.082969726558, 27941.942336545406, 28570.636039117675, 29213.475349997825, 29870.778545372774, 30542.871062643655, 31230.08566155314, 31932.762588938083, 32651.24974718919, 33385.90286650095, 34137.08568099722, 34905.17010881965, 35690.53643626809, 36493.573506084125, 37314.678909971015, 38154.259185445364, 39012.73001711788, 39890.51644250303, 40788.05306245935, 41705.78425636468, 42644.16440213289, 43603.658101180874, 44584.740408457445, 45587.89706764774, 46613.624751669806, 47662.431308582374],
    "NetRealFutureValue" : [25000.0, 25062.5, 25125.156249999996, 25187.969140624995, 25250.93906347656, 25314.06641113525, 25377.35157716308, 25440.79495610599, 25504.396943496256, 25568.157935854997, 25632.07833069463, 25696.15852652136, 25760.398922837667, 25824.79992014476, 25889.36191994512, 25954.08532474498, 26018.97053805684, 26084.017964401985, 26149.228009312985, 26214.60107933627, 26280.137582034607, 26345.83792598969, 26411.702520804665, 26477.731777106677, 26543.926106549443, 26610.285921815812, 26676.81163662035, 26743.503665711898, 26810.362424876177, 26877.388330938367]
  }

}