{

  "riskReturnProfile" : {
    "riskLevel" : "Moderate",
    "barVal" : 0.5
  },

  "fees" : {
    "fee" : 0.75,
    "averagePlacement" : "more than",
    "averageFee" : 0.64
  },

  "returns" : {
    "returns" : [2.5, 3.2, 5.0],
    "benchmark" : [2.0, 1.4, 3.1],
    "benchmarkName" : "Dummy Fund"
  },

  "holdingTypes" : {
    "percentages" : {
      "StockLong" : 20.0,
      "StockShort" : 20.0,
      "BondLong" : 10.0,
      "BondShort" : 10.0,
      "CashLong" : 20.0,
      "CashShort" : 10.0,
      "OtherLong" : 5.0,
      "OtherShort" : 5.0
    },
    "totalInvested" : 10000,
    "assetTypes" : 4

  },

  "contributionWithdraws" : {
    "oneYear" : {
      "contributions" : 32000,
      "withdraw" : 10000,
      "net" : 22000
    },
    "twoYear" : {
      "contributions" : 10000,
      "withdraw" : 10000,
      "net" : 0
    },
    "threeYear" : {
      "contributions" : 40000,
      "withdraw" : 18000,
      "net" : 22000
    },
    "total" : {
      "contributions" : 82000,
      "withdraw" : 38000,
      "net" : 44000
    }
  },

  "bondTypes" : {
    "Government" : 49.1807,
    "Municipal" : 0.601673,
    "Corporate" : 22.1799,
    "Securitized" : 14.9581,
    "Cash" : 6.0794,
    "Derivative" : 7
  },

  "stockTypes" : {
    "Materials" : 10,
    "Consumer" : 10,
    "Financial" : 10,
    "RealEstate" : 10,
    "Healthcare" : 10,
    "Utilities" : 10,
    "Communication" : 10,
    "Energy" : 10,
    "Industrials" : 10,
    "Technology" : 10
  },

  "returnsComparison" : {
    "returns" : [2.5, 3.2, 5.0],
    "avgUser" : [1.5, 2.0, 2.2],
    "ageGroup" : "20-30"
  },

  "riskAgeProfile" : {
    "riskLevel" : "Moderate",
    "barVal" : 0.5
  },

  "riskComparison" : {
    "mean" : 1.0,
    "std" : 0.25,
    "user" : 1.3,
    "ageGroup" : "20-30"
  },

  "compInterest" : {
    "currentValue": 103274.3,
    "futureValuesMinusFees": [9925.0, 10421.25, 10942.3125, 11489.428125000002, 12063.899531250003, 12667.094507812504, 13300.449233203131, 13965.471694863287, 14663.745279606452, 15396.932543586774, 16166.779170766113, 16975.118129304417, 17823.87403576964, 18715.067737558125, 19650.821124436032, 20633.362180657838, 21665.030289690727, 22748.281804175265, 23885.695894384025, 25079.98068910323],
    "futureValues": [10000.0, 10500.0, 11025.0, 11576.250000000002, 12155.062500000002, 12762.815625000003, 13400.956406250005, 14071.004226562505, 14774.55443789063, 15513.282159785162, 16288.94626777442, 17103.39358116314, 17958.5632602213, 18856.491423232368, 19799.315994393986, 20789.28179411369, 21828.74588381937, 22920.183178010342, 24066.192336910855, 25269.501953756404],
    "averageAnnualReturns": 5,
    "NetRealFutureValue": [9725.0, 10211.25, 10721.8125, 11257.903125000003, 11820.798281250001, 12411.838195312503, 13032.43010507813, 13684.051610332037, 14368.254190848638, 15086.66690039107, 15841.000245410623, 16633.050257681156, 17464.702770565214, 18337.937909093478, 19254.83480454815, 20217.576544775562, 21228.455372014338, 22289.87814061506, 23404.372047645807, 24574.590650028105],
    "yearsToRetirement": 44,
    "currentFees": 0.14999999999999999
  }

}